<?xml version="1.0" encoding="UTF-8"?>
<beans:beans xmlns:mvc="http://www.springframework.org/schema/mvc"
    xmlns:xsi="http://www.w3.org/2001/XMLSchema-instance"
    xmlns:beans="http://www.springframework.org/schema/beans"
    xmlns:context="http://www.springframework.org/schema/context"
    xsi:schemaLocation="http://www.springframework.org/schema/mvc 
    http://www.springframework.org/schema/mvc/spring-mvc.xsd
        http://www.springframework.org/schema/beans http://www.springframework.org/schema/beans/spring-beans.xsd
        http://www.springframework.org/schema/context http://www.springframework.org/schema/context/spring-context.xsd">


 
<context:component-scan  base-package="com.psl" />
<mvc:annotation-driven/>
 <!--  class="org.springframework.web.servlet.view.ContentNegotiatingViewResolver">-->
<beans:bean class="org.springframework.web.accept.ContentNegotiationManagerFactoryBean">
        <beans:property name="favorPathExtension" value="true" />
        <beans:property name="ignoreAcceptHeader" value="true"/>
        <beans:property name="useJaf" value="false"/>
        <beans:property name="defaultContentType" value="text/html" />
        
    <beans:property name="mediaTypes">
      <beans:map>
          <beans:entry key="html" value="text/html"></beans:entry>
          <beans:entry key="json" value="application/json"></beans:entry>
          <beans:entry key="xml"  value="application/xml"></beans:entry>
      </beans:map>
    </beans:property>
     <!--  <beans:property name="viewResolvers">
        <beans:list>
          <beans:bean class="org.springframework.web.servlet.view.UrlBasedViewResolver">
            <beans:property name="viewClass" value="org.springframework.web.servlet.view.JstlView"></beans:property>
            <beans:property name="prefix" value="/WEB-INF/jsp/"></beans:property>
            <beans:property name="suffix" value=".jsp"></beans:property>
          </beans:bean>
        </beans:list>
    </beans:property>-->
</beans:bean>
</beans:beans>