<beans xmlns="http://www.springframework.org/schema/beans"
	xmlns:context="http://www.springframework.org/schema/context"
	xmlns:mvc="http://www.springframework.org/schema/mvc" 
	xmlns:xsi="http://www.w3.org/2001/XMLSchema-instance"
	xsi:schemaLocation="
        http://www.springframework.org/schema/beans     
        http://www.springframework.org/schema/beans/spring-beans-4.0.xsd
        http://www.springframework.org/schema/context 
        http://www.springframework.org/schema/context/spring-context-4.0.xsd
        http://www.springframework.org/schema/mvc
        http://www.springframework.org/schema/mvc/spring-mvc-4.0.xsd">
        
        <context:component-scan base-package="com.psl.emp">
        </context:component-scan>
        
        <bean class="org.springframework.web.servlet.view.InternalResourceViewResolver">    
			<property name="order" value="1"/>
			<property name="prefix" value="/WEB-INF/view/"></property>    
			<property name="suffix" value=".jsp"></property>    
		</bean>    
        <bean class="org.springframework.web.servlet.view.ContentNegotiatingViewResolver">
        	<property name="order" value="1"/>
        	<property name="mediaTypes">
        		<map>
        			<entry key="json" value="application/json"/>
        			<entry key="xml" value="application/xml"/>	
        		</map>
        	</property>
        	<property name="defaultViews">
        		<list>
        		
        			<bean class="org.springframework.web.servlet.view.json.MappingJackson2JsonView"></bean>
        	
        			<bean class="org.springframework.web.servlet.view.xml.MarshallingView">
        				<constructor-arg ref="jaxbMarshaller"></constructor-arg>
        			</bean>
        		</list>
        	</property>
        </bean>
        <bean id="jaxbMarshaller" class="org.springframework.oxm.jaxb.Jaxb2Marshaller">
        	<property name="classesToBeBound">
        		<list>
        			<value>com.psl.emp.bean.Employee</value>
        		</list>
        	</property>
        </bean>
        <!--  <bean id="dataSource" class="org.springframework.jdbc.datasource.DriverManagerDataSource">
			<property name="driverClassName" value="com.mysql.jdbc.Driver"></property>
			<property name="url" value="jdbc:mysql://localhost:3306/sys"></property>
			<property name="username" value="root"></property>
			<property name="password" value="root"></property>
		</bean>
		<bean id="jt" class="org.springframework.jdbc.core.JdbcTemplate">    
			<property name="dataSource" ref="dataSource"></property>    
		</bean>    
    
		<bean id="dao" class="com.psl.ems.dao.EmpDao">    
			<property name="template" ref="jt"></property>    
		</bean>      --> 
		<!--  <bean id="service" class="com.psl.emp.service.EmpServiceImpl"></bean>
		<bean id="dao" class="com.psl.emp.dao.EmployeeDaoImpl"></bean>-->
		<context:annotation-config/>
		<mvc:annotation-driven/>
</beans>